class_id,prediction_count
0000,14
0001,6
0002,6
0003,6
0004,17
0005,0
0006,25
0007,10
0008,15
0009,10
0010,9
0011,19
0012,10
0013,9
0014,10
0015,19
0016,28
0017,8
0018,17
0019,2
0020,11
0021,12
0022,2
0023,19
0024,10
0025,23
0026,10
0027,7
0028,8
0029,4
0030,13
0031,6
0032,8
0033,13
0034,12
0035,23
0036,16
0037,1
0038,12
0039,16
0040,4
0041,15
0042,17
0043,21
0044,5
0045,7
0046,6
0047,16
0048,13
0049,4
0050,2
0051,3
0052,14
0053,5
0054,3
0055,21
0056,9
0057,4
0058,18
0059,10
0060,9
0061,17
0062,7
0063,8
0064,19
0065,9
0066,10
0067,9
0068,5
0069,11
0070,17
0071,0
0072,16
0073,6
0074,15
0075,4
0076,34
0077,5
0078,14
0079,6
0080,1
0081,16
0082,15
0083,10
0084,21
0085,11
0086,6
0087,14
0088,28
0089,7
0090,18
0091,11
0092,11
0093,9
0094,11
0095,20
0096,4
0097,1
0098,18
0099,4
0100,18
0101,18
0102,18
0103,11
0104,8
0105,23
0106,19
0107,16
0108,9
0109,22
0110,12
0111,4
0112,12
0113,15
0114,13
0115,9
0116,5
0117,14
0118,14
0119,13
0120,10
0121,13
0122,4
0123,14
0124,8
0125,12
0126,8
0127,12
0128,8
0129,0
0130,1
0131,30
0132,8
0133,9
0134,5
0135,10
0136,24
0137,24
0138,35
0139,13
0140,10
0141,28
0142,18
0143,7
0144,7
0145,1
0146,18
0147,15
0148,9
0149,15
0150,6
0151,8
0152,12
0153,11
0154,13
0155,32
0156,8
0157,12
0158,14
0159,9
0160,23
0161,17
0162,32
0163,13
0164,14
0165,15
0166,17
0167,12
0168,14
0169,18
0170,12
0171,6
0172,18
0173,37
0174,15
0175,6
0176,11
0177,12
0178,15
0179,7
0180,12
0181,42
0182,14
0183,11
0184,9
0185,7
0186,27
0187,5
0188,4
0189,13
0190,11
0191,7
0192,8
0193,7
0194,14
0195,8
0196,26
0197,9
0198,0
0199,30
0200,14
0201,14
0202,6
0203,6
0204,15
0205,9
0206,16
0207,12
0208,11
0209,31
0210,9
0211,11
0212,8
0213,7
0214,20
0215,11
0216,10
0217,40
0218,3
0219,12
0220,12
0221,10
0222,16
0223,6
0224,9
0225,2
0226,17
0227,8
0228,16
0229,6
0230,7
0231,13
0232,14
0233,8
0234,8
0235,5
0236,12
0237,12
0238,5
0239,18
0240,11
0241,15
0242,11
0243,15
0244,7
0245,16
0246,13
0247,17
0248,2
0249,8
0250,12
0251,15
0252,8
0253,8
0254,11
0255,16
0256,16
0257,13
0258,12
0259,3
0260,2
0261,16
0262,4
0263,11
0264,5
0265,11
0266,39
0267,9
0268,12
0269,15
0270,20
0271,12
0272,10
0273,16
0274,9
0275,16
0276,5
0277,8
0278,13
0279,15
0280,12
0281,9
0282,40
0283,10
0284,10
0285,12
0286,4
0287,11
0288,14
0289,10
0290,16
0291,14
0292,9
0293,16
0294,14
0295,11
0296,8
0297,9
0298,16
0299,18
0300,6
0301,11
0302,0
0303,9
0304,9
0305,5
0306,17
0307,12
0308,12
0309,9
0310,8
0311,8
0312,13
0313,15
0314,16
0315,14
0316,29
0317,23
0318,22
0319,15
0320,13
0321,4
0322,49
0323,14
0324,18
0325,6
0326,22
0327,10
0328,14
0329,8
0330,47
0331,6
0332,26
0333,7
0334,8
0335,12
0336,8
0337,11
0338,18
0339,17
0340,2
0341,7
0342,16
0343,7
0344,21
0345,7
0346,13
0347,15
0348,8
0349,6
0350,10
0351,6
0352,8
0353,8
0354,12
0355,18
0356,11
0357,7
0358,9
0359,9
0360,2
0361,9
0362,15
0363,7
0364,18
0365,16
0366,7
0367,47
0368,11
0369,23
0370,5
0371,19
0372,8
0373,12
0374,11
0375,39
0376,11
0377,14
0378,0
0379,10
0380,16
0381,11
0382,5
0383,14
0384,13
0385,16
0386,11
0387,7
0388,7
0389,8
0390,10
0391,8
0392,11
0393,18
0394,12
0395,58
0396,5
0397,9
0398,20
0399,8
0400,4
0401,32
0402,18
0403,4
0404,11
0405,10
0406,3
0407,13
0408,12
0409,10
0410,10
0411,16
0412,12
0413,20
0414,2
0415,13
0416,17
0417,4
0418,10
0419,25
0420,18
0421,13
0422,14
0423,14
0424,10
0425,15
0426,11
0427,16
0428,13
0429,12
0430,16
0431,10
0432,16
0433,13
0434,11
0435,13
0436,14
0437,5
0438,23
0439,6
0440,14
0441,7
0442,7
0443,11
0444,10
0445,16
0446,22
0447,9
0448,16
0449,6
0450,11
0451,8
0452,16
0453,10
0454,15
0455,12
0456,7
0457,14
0458,6
0459,8
0460,10
0461,12
0462,12
0463,13
0464,0
0465,8
0466,6
0467,7
0468,17
0469,18
0470,14
0471,6
0472,7
0473,14
0474,12
0475,8
0476,15
0477,32
0478,6
0479,11
0480,12
0481,6
0482,9
0483,12
0484,12
0485,17
0486,12
0487,17
0488,11
0489,13
0490,3
0491,19
0492,13
0493,3
0494,5
0495,22
0496,19
0497,17
0498,10
0499,16
0500,2
0501,4
0502,9
0503,3
0504,20
0505,8
0506,11
0507,9
0508,9
0509,9
0510,16
0511,18
0512,17
0513,20
0514,7
0515,36
0516,11
0517,1
0518,0
0519,7
0520,0
0521,23
0522,10
0523,4
0524,5
0525,4
0526,9
0527,18
0528,2
0529,18
0530,26
0531,9
0532,8
0533,17
0534,13
0535,4
0536,6
0537,17
0538,12
0539,11
0540,23
0541,6
0542,13
0543,19
0544,4
0545,6
0546,7
0547,2
0548,7
0549,5
0550,25
0551,7
0552,14
0553,12
0554,2
0555,11
0556,16
0557,10
0558,11
0559,3
0560,12
0561,9
0562,12
0563,21
0564,9
0565,22
0566,9
0567,9
0568,31
0569,41
0570,5
0571,13
0572,12
0573,3
0574,7
0575,8
0576,11
0577,20
0578,15
0579,17
0580,11
0581,13
0582,23
0583,37
0584,10
0585,9
0586,8
0587,16
0588,12
0589,10
0590,11
0591,5
0592,9
0593,10
0594,10
0595,6
0596,19
0597,10
0598,11
0599,11
0600,16
0601,12
0602,13
0603,12
0604,15
0605,17
0606,11
0607,19
0608,7
0609,7
0610,5
0611,15
0612,13
0613,25
0614,10
0615,12
0616,19
0617,20
0618,22
0619,17
0620,7
0621,10
0622,9
0623,21
0624,12
0625,0
0626,12
0627,14
0628,13
0629,13
0630,7
0631,8
0632,9
0633,14
0634,8
0635,19
0636,9
0637,6
0638,13
0639,8
0640,12
0641,34
0642,19
0643,9
0644,3
0645,8
0646,12
0647,8
0648,12
0649,3
0650,18
0651,18
0652,8
0653,14
0654,12
0655,11
0656,24
0657,12
0658,7
0659,19
0660,7
0661,15
0662,3
0663,13
0664,10
0665,14
0666,13
0667,5
0668,16
0669,13
0670,14
0671,16
0672,11
0673,13
0674,8
0675,8
0676,15
0677,12
0678,11
0679,15
0680,9
0681,14
0682,18
0683,12
0684,12
0685,13
0686,2
0687,5
0688,19
0689,20
0690,10
0691,18
0692,1
0693,18
0694,9
0695,2
0696,17
0697,7
0698,13
0699,6
0700,11
0701,14
0702,8
0703,9
0704,9
0705,3
0706,10
0707,22
0708,19
0709,9
0710,12
0711,8
0712,17
0713,2
0714,17
0715,13
0716,10
0717,7
0718,1
0719,8
0720,14
0721,12
0722,11
0723,11
0724,29
0725,9
0726,4
0727,5
0728,14
0729,3
0730,13
0731,3
0732,8
0733,11
0734,35
0735,6
0736,11
0737,10
0738,10
0739,18
0740,8
0741,17
0742,11
0743,6
0744,6
0745,6
0746,4
0747,9
0748,4
0749,7
0750,20
0751,10
0752,20
0753,19
0754,11
0755,12
0756,1
0757,13
0758,6
0759,8
0760,17
0761,11
0762,6
0763,6
0764,13
0765,4
0766,14
0767,6
0768,12
0769,4
0770,3
0771,14
0772,6
0773,14
0774,1
0775,1
0776,21
0777,15
0778,10
0779,9
0780,16
0781,25
0782,12
0783,9
0784,7
0785,10
0786,5
0787,8
0788,16
0789,20
0790,11
0791,11
0792,15
0793,11
0794,14
0795,9
0796,7
0797,5
0798,8
0799,8
0800,12
0801,7
0802,15
0803,12
0804,13
0805,10
0806,7
0807,19
0808,9
0809,3
0810,8
0811,10
0812,8
0813,12
0814,10
0815,10
0816,10
0817,8
0818,6
0819,10
0820,17
0821,7
0822,20
0823,8
0824,2
0825,10
0826,5
0827,9
0828,16
0829,11
0830,7
0831,13
0832,3
0833,11
0834,16
0835,12
0836,9
0837,5
0838,21
0839,11
0840,6
0841,9
0842,22
0843,12
0844,4
0845,18
0846,9
0847,20
0848,11
0849,15
0850,10
0851,20
0852,11
0853,4
0854,20
0855,24
0856,13
0857,3
0858,15
0859,18
0860,19
0861,22
0862,12
0863,12
0864,5
0865,5
0866,33
0867,13
0868,16
0869,7
0870,9
0871,11
0872,16
0873,18
0874,13
0875,18
0876,14
0877,23
0878,12
0879,0
0880,10
0881,43
0882,2
0883,3
0884,8
0885,15
0886,5
0887,10
0888,8
0889,17
0890,4
0891,19
0892,13
0893,14
0894,15
0895,14
0896,19
0897,3
0898,18
0899,8
0900,10
0901,3
0902,10
0903,22
0904,11
0905,18
0906,8
0907,14
0908,27
0909,9
0910,3
0911,28
0912,18
0913,8
0914,5
0915,5
0916,7
0917,25
0918,18
0919,11
0920,5
0921,12
0922,16
0923,9
0924,5
0925,33
0926,28
0927,19
0928,10
0929,6
0930,13
0931,14
0932,45
0933,15
0934,7
0935,11
0936,0
0937,8
0938,1
0939,12
0940,6
0941,32
0942,9
0943,10
0944,24
0945,8
0946,14
0947,18
0948,16
0949,9
0950,9
0951,22
0952,16
0953,2
0954,8
0955,8
0956,4
0957,20
0958,9
0959,5
0960,13
0961,13
0962,11
0963,3
0964,9
0965,13
0966,24
0967,7
0968,20
0969,19
0970,22
0971,18
0972,11
0973,32
0974,10
0975,6
0976,12
0977,7
0978,4
0979,12
0980,10
0981,20
0982,5
0983,15
0984,13
0985,8
0986,2
0987,7
0988,16
0989,14
0990,9
0991,13
0992,27
0993,15
0994,22
0995,14
0996,16
0997,53
0998,7
0999,8
1000,24
1001,7
1002,15
1003,7
1004,16
1005,14
1006,27
1007,4
1008,13
1009,12
1010,19
1011,17
1012,14
1013,13
1014,14
1015,0
1016,8
1017,8
1018,15
1019,10
1020,43
1021,11
1022,5
1023,18
1024,21
1025,14
1026,12
1027,12
1028,8
1029,4
1030,18
1031,6
1032,11
1033,12
1034,9
1035,20
1036,5
1037,19
1038,9
1039,4
1040,12
1041,16
1042,2
1043,25
1044,10
1045,5
1046,9
1047,21
1048,11
1049,6
1050,9
1051,13
1052,16
1053,18
1054,22
1055,15
1056,7
1057,24
1058,11
1059,8
1060,8
1061,11
1062,10
1063,14
1064,9
1065,12
1066,5
1067,29
1068,9
1069,12
1070,11
1071,10
1072,7
1073,4
1074,0
1075,1
1076,13
1077,9
1078,14
1079,29
1080,11
1081,8
1082,8
1083,12
1084,12
1085,8
1086,3
1087,30
1088,16
1089,11
1090,13
1091,23
1092,8
1093,16
1094,18
1095,10
1096,9
1097,32
1098,16
1099,15
1100,15
1101,18
1102,10
1103,10
1104,11
1105,7
1106,8
1107,7
1108,15
1109,10
1110,10
1111,11
1112,15
1113,4
1114,16
1115,8
1116,6
1117,10
1118,3
1119,19
1120,9
1121,15
1122,4
1123,12
1124,4
1125,12
1126,11
1127,12
1128,9
1129,13
1130,16
1131,17
1132,6
1133,16
1134,4
1135,5
1136,10
1137,15
1138,4
1139,6
1140,10
1141,11
1142,11
1143,9
1144,14
1145,28
1146,13
1147,5
1148,10
1149,11
1150,7
1151,16
1152,13
1153,23
1154,7
1155,10
1156,0
1157,2
1158,14
1159,7
1160,11
1161,17
1162,11
1163,18
1164,10
1165,3
1166,6
1167,8
1168,22
1169,14
1170,20
1171,0
1172,13
1173,14
1174,11
1175,24
1176,15
1177,12
1178,6
1179,7
1180,6
1181,15
1182,18
1183,9
1184,8
1185,23
1186,13
1187,34
1188,2
1189,9
1190,9
1191,9
1192,7
1193,16
1194,11
1195,7
1196,8
1197,11
1198,3
1199,22
1200,17
1201,13
1202,8
1203,18
1204,17
1205,9
1206,15
1207,10
1208,10
1209,21
1210,17
1211,21
1212,22
1213,13
1214,4
1215,9
1216,3
1217,35
1218,13
1219,8
1220,4
1221,8
1222,7
1223,13
1224,10
1225,10
1226,12
1227,15
1228,9
1229,17
1230,26
1231,10
1232,15
1233,15
1234,14
1235,13
1236,12
1237,10
1238,13
1239,13
1240,17
1241,14
1242,4
1243,12
1244,12
1245,12
1246,19
1247,14
1248,20
1249,17
1250,16
1251,20
1252,13
1253,7
1254,5
1255,11
1256,17
1257,10
1258,20
1259,20
1260,19
1261,1
1262,5
1263,9
1264,12
1265,13
1266,13
1267,8
1268,17
1269,2
1270,13
1271,13
1272,5
1273,4
1274,19
1275,13
1276,13
1277,5
1278,6
1279,6
1280,8
1281,15
1282,16
1283,7
1284,26
1285,9
1286,9
1287,17
1288,18
1289,15
1290,10
1291,10
1292,13
1293,3
1294,11
1295,11
1296,8
1297,12
1298,12
1299,8
1300,10
1301,3
1302,6
1303,15
1304,11
1305,3
1306,10
1307,9
1308,20
1309,15
1310,16
1311,26
1312,31
1313,21
1314,10
1315,11
1316,9
1317,13
1318,14
1319,20
1320,17
1321,15
1322,9
1323,12
1324,29
1325,3
1326,5
1327,5
1328,20
1329,14
1330,15
1331,13
1332,5
1333,2
1334,5
1335,4
1336,11
1337,15
1338,7
1339,19
1340,23
1341,10
1342,12
1343,11
1344,3
1345,5
1346,21
1347,14
1348,11
1349,4
1350,12
1351,10
1352,35
1353,37
1354,7
1355,3
1356,11
1357,24
1358,17
1359,2
1360,12
1361,0
1362,10
1363,7
1364,14
1365,12
1366,12
1367,4
1368,7
1369,24
1370,10
1371,17
1372,12
1373,13
1374,6
1375,4
1376,9
1377,10
1378,10
1379,3
1380,15
1381,16
1382,27
1383,7
1384,15
1385,0
1386,38
1387,5
1388,20
1389,14
1390,12
1391,16
1392,0
1393,12
1394,13
1395,19
1396,23
1397,7
1398,14
1399,14
1400,0
1401,18
1402,24
1403,15
1404,30
1405,31
1406,4
1407,7
1408,13
1409,10
1410,11
1411,21
1412,15
1413,19
1414,4
1415,12
1416,8
1417,10
1418,11
1419,8
1420,3
1421,18
1422,29
1423,9
1424,8
1425,5
1426,15
1427,11
1428,8
1429,8
1430,16
1431,8
1432,4
1433,4
1434,12
1435,4
1436,3
1437,20
1438,10
1439,10
1440,11
1441,4
1442,14
1443,29
1444,10
1445,21
1446,19
1447,15
1448,10
1449,23
1450,16
1451,16
1452,12
1453,8
1454,14
1455,25
1456,9
1457,13
1458,9
1459,9
1460,11
1461,9
1462,14
1463,10
1464,15
1465,5
1466,25
1467,12
1468,4
1469,10
1470,12
1471,16
1472,7
1473,13
1474,6
1475,29
1476,11
1477,14
1478,10
1479,10
1480,11
1481,9
1482,9
1483,8
1484,19
1485,14
1486,10
1487,11
1488,3
1489,11
1490,12
1491,14
1492,16
1493,9
1494,13
1495,9
1496,10
1497,12
1498,0
1499,17
1500,8
1501,7
1502,8
1503,16
1504,11
1505,39
1506,28
1507,6
1508,8
1509,6
1510,11
1511,6
1512,4
1513,25
1514,3
1515,2
1516,8
1517,9
1518,21
1519,9
1520,23
1521,7
1522,10
1523,7
1524,14
1525,10
1526,11
1527,9
1528,9
1529,18
1530,7
1531,13
1532,8
1533,9
1534,26
1535,18
1536,5
1537,10
1538,16
1539,4
1540,17
1541,13
1542,9
1543,10
1544,13
1545,15
1546,6
1547,14
1548,19
1549,10
1550,9
1551,8
1552,16
1553,2
1554,12
1555,2
1556,40
1557,19
1558,3
1559,10
1560,12
1561,3
1562,10
1563,9
1564,20
1565,13
1566,5
1567,10
1568,2
1569,8
1570,10
1571,9
1572,7
1573,9
1574,8
1575,12
1576,16
1577,12
1578,9
1579,13
1580,12
1581,19
1582,14
1583,7
1584,5
1585,7
1586,6
1587,13
1588,18
1589,8
1590,32
1591,14
1592,11
1593,9
1594,33
1595,1
1596,3
1597,13
1598,3
1599,16
1600,7
1601,17
1602,6
1603,14
1604,3
1605,12
1606,19
1607,1
1608,6
1609,4
1610,8
1611,10
1612,3
1613,7
1614,13
1615,10
1616,7
1617,22
1618,11
1619,16
1620,7
1621,17
1622,7
1623,10
1624,4
1625,9
1626,0
1627,15
1628,5
1629,7
1630,15
1631,10
1632,14
1633,18
1634,8
1635,19
1636,6
1637,24
1638,11
1639,7
1640,18
1641,11
1642,3
1643,6
1644,16
1645,9
1646,12
1647,21
1648,6
1649,10
1650,4
1651,10
1652,5
1653,8
1654,12
1655,17
1656,16
1657,9
1658,8
1659,12
1660,12
1661,5
1662,1
1663,18
1664,11
1665,8
1666,7
1667,5
1668,13
1669,5
1670,6
1671,13
1672,16
1673,9
1674,8
1675,10
1676,16
1677,46
1678,12
1679,14
1680,11
1681,8
1682,13
1683,39
1684,2
1685,11
1686,7
1687,13
1688,11
1689,12
1690,9
1691,12
1692,5
1693,8
1694,13
1695,13
1696,11
1697,17
1698,29
1699,18
1700,12
1701,11
1702,12
1703,15
1704,32
1705,24
1706,12
1707,21
1708,11
1709,8
1710,16
1711,2
1712,1
1713,10
1714,3
1715,4
1716,14
1717,20
1718,10
1719,0
1720,21
1721,9
1722,19
1723,7
1724,11
1725,2
1726,13
1727,6
1728,11
1729,12
1730,22
1731,4
1732,17
1733,14
1734,24
1735,7
1736,20
1737,11
1738,9
1739,20
1740,8
1741,16
1742,15
1743,10
1744,11
1745,19
1746,24
1747,10
1748,16
1749,12
1750,15
1751,30
1752,23
1753,12
1754,13
1755,14
1756,16
1757,13
1758,8
1759,9
1760,10
1761,8
1762,14
1763,11
1764,21
1765,6
1766,22
1767,10
1768,5
1769,14
1770,4
1771,28
1772,17
1773,12
1774,13
1775,12
1776,29
1777,6
1778,15
1779,5
1780,19
1781,2
1782,11
1783,2
1784,7
1785,4
1786,7
1787,11
1788,5
1789,10
1790,14
1791,14
1792,13
1793,22
1794,1
1795,11
1796,9
1797,6
1798,11
1799,19
1800,16
1801,8
1802,18
1803,12
1804,13
1805,19
1806,13
1807,4
1808,11
1809,12
1810,16
1811,17
1812,11
1813,8
1814,12
1815,17
1816,7
1817,36
1818,13
1819,8
1820,6
1821,11
1822,6
1823,19
1824,13
1825,12
1826,5
1827,12
1828,15
1829,7
1830,12
1831,11
1832,41
1833,8
1834,5
1835,7
1836,14
1837,9
1838,21
1839,9
1840,16
1841,13
1842,11
1843,21
1844,18
1845,8
1846,9
1847,9
1848,4
1849,14
1850,15
1851,7
1852,7
1853,31
1854,13
1855,19
1856,4
1857,18
1858,21
1859,13
1860,12
1861,10
1862,12
1863,6
1864,13
1865,6
1866,7
1867,2
1868,12
1869,5
1870,29
1871,12
1872,12
1873,18
1874,11
1875,8
1876,5
1877,6
1878,8
1879,8
1880,15
1881,9
1882,5
1883,18
1884,16
1885,13
1886,23
1887,5
1888,2
1889,10
1890,13
1891,2
1892,15
1893,10
1894,19
1895,17
1896,10
1897,23
1898,8
1899,24
1900,11
1901,31
1902,4
1903,13
1904,3
1905,9
1906,8
1907,18
1908,24
1909,28
1910,1
1911,0
1912,17
1913,14
1914,17
1915,6
1916,1
1917,13
1918,4
1919,2
1920,27
1921,24
1922,14
1923,8
1924,11
1925,19
1926,10
1927,13
1928,10
1929,21
1930,10
1931,11
1932,6
1933,14
1934,6
1935,10
1936,12
1937,9
1938,27
1939,14
1940,9
1941,17
1942,15
1943,4
1944,2
1945,9
1946,13
1947,0
1948,12
1949,14
1950,11
1951,14
1952,14
1953,13
1954,25
1955,3
1956,9
1957,19
1958,0
1959,12
1960,15
1961,19
1962,7
1963,9
1964,15
1965,12
1966,12
1967,11
1968,7
1969,20
1970,13
1971,7
1972,9
1973,0
1974,14
1975,0
1976,14
1977,10
1978,17
1979,22
1980,29
1981,5
1982,9
1983,16
1984,2
1985,19
1986,29
1987,0
1988,7
1989,14
1990,11
1991,7
1992,17
1993,12
1994,13
1995,6
1996,11
1997,14
1998,9
1999,18
2000,12
2001,16
2002,16
2003,11
2004,15
2005,13
2006,4
2007,5
2008,10
2009,8
2010,12
2011,6
2012,3
2013,9
2014,20
2015,11
2016,6
2017,13
2018,8
2019,11
2020,8
2021,12
2022,17
2023,15
2024,10
2025,7
2026,24
2027,9
2028,16
2029,0
2030,8
2031,9
2032,8
2033,8
2034,7
2035,7
2036,17
2037,3
2038,10
2039,30
2040,6
2041,13
2042,4
2043,17
2044,22
2045,14
2046,3
2047,4
2048,3
2049,11
2050,16
2051,11
2052,10
2053,10
2054,10
2055,64
2056,15
2057,15
2058,6
2059,32
2060,7
2061,17
2062,9
2063,16
2064,17
2065,17
2066,14
2067,20
2068,10
2069,10
2070,4
2071,6
2072,7
2073,11
2074,14
2075,18
2076,4
2077,13
2078,8
2079,1
2080,27
2081,13
2082,9
2083,14
2084,10
2085,12
2086,4
2087,19
2088,11
2089,14
2090,14
2091,7
2092,7
2093,8
2094,20
2095,14
2096,13
2097,13
2098,11
2099,11
2100,21
2101,12
2102,4
2103,13
2104,9
2105,13
2106,4
2107,9
2108,12
2109,11
2110,12
2111,1
2112,12
2113,12
2114,3
2115,8
2116,12
2117,14
2118,8
2119,18
2120,19
2121,12
2122,9
2123,7
2124,4
2125,11
2126,6
2127,14
2128,13
2129,24
2130,18
2131,30
2132,6
2133,15
2134,8
2135,15
2136,4
2137,11
2138,12
2139,5
2140,10
2141,9
2142,12
2143,13
2144,11
2145,17
2146,11
2147,4
2148,18
2149,13
2150,23
2151,19
2152,24
2153,26
2154,13
2155,14
2156,16
2157,2
2158,4
2159,0
2160,13
2161,11
2162,13
2163,21
2164,28
2165,13
2166,25
2167,5
2168,4
2169,13
2170,21
2171,5
2172,17
2173,5
2174,14
2175,12
2176,5
2177,5
2178,10
2179,3
2180,10
2181,9
2182,15
2183,17
2184,15
2185,17
2186,17
2187,14
2188,12
2189,13
2190,18
2191,10
2192,6
2193,12
2194,6
2195,19
2196,23
2197,5
2198,16
2199,13
2200,10
2201,1
2202,9
2203,5
2204,10
2205,7
2206,6
2207,19
2208,1
2209,9
2210,17
2211,6
2212,9
2213,9
2214,12
2215,19
2216,10
2217,13
2218,9
2219,9
2220,3
2221,1
2222,4
2223,11
2224,0
2225,4
2226,4
2227,12
2228,9
2229,14
2230,13
2231,12
2232,16
2233,11
2234,9
2235,15
2236,1
2237,19
2238,10
2239,31
2240,21
2241,8
2242,19
2243,10
2244,6
2245,3
2246,6
2247,3
2248,16
2249,23
2250,14
2251,8
2252,18
2253,9
2254,20
2255,9
2256,9
2257,4
2258,12
2259,4
2260,4
2261,14
2262,14
2263,10
2264,6
2265,10
2266,2
2267,14
2268,13
2269,5
2270,8
2271,3
2272,6
2273,3
2274,15
2275,22
2276,14
2277,19
2278,9
2279,21
2280,5
2281,27
2282,22
2283,17
2284,8
2285,14
2286,14
2287,12
2288,13
2289,3
2290,5
2291,9
2292,12
2293,4
2294,7
2295,11
2296,7
2297,4
2298,11
2299,4
2300,18
2301,11
2302,21
2303,22
2304,7
2305,10
2306,9
2307,29
2308,13
2309,14
2310,12
2311,6
2312,30
2313,4
2314,14
2315,15
2316,12
2317,11
2318,11
2319,6
2320,9
2321,8
2322,25
2323,9
2324,9
2325,11
2326,9
2327,3
2328,6
2329,13
2330,46
2331,10
2332,8
2333,2
2334,3
2335,8
2336,11
2337,15
2338,21
2339,9
2340,22
2341,13
2342,15
2343,5
2344,15
2345,25
2346,5
2347,15
2348,1
2349,13
2350,7
2351,9
2352,13
2353,6
2354,14
2355,9
2356,6
2357,13
2358,8
2359,8
2360,15
2361,8
2362,7
2363,15
2364,20
2365,13
2366,16
2367,19
2368,7
2369,14
2370,8
2371,6
2372,26
2373,37
2374,2
2375,16
2376,10
2377,16
2378,5
2379,8
2380,9
2381,21
2382,15
2383,4
2384,10
2385,16
2386,4
2387,8
2388,21
2389,9
2390,8
2391,12
2392,19
2393,7
2394,11
2395,18
2396,11
2397,3
2398,17
2399,7
2400,7
2401,11
2402,12
2403,13
2404,10
2405,11
2406,16
2407,8
2408,10
2409,16
2410,22
2411,10
2412,0
2413,6
2414,22
2415,9
2416,3
2417,8
2418,8
2419,32
2420,15
2421,32
2422,9
2423,12
2424,10
2425,15
2426,22
2427,12
2428,6
2429,42
2430,14
2431,9
2432,17
2433,3
2434,6
2435,11
2436,11
2437,11
2438,10
2439,15
2440,14
2441,7
2442,8
2443,9
2444,20
2445,10
2446,13
2447,11
2448,4
2449,1
2450,21
2451,12
2452,13
2453,9
2454,6
2455,14
2456,27
2457,17
2458,32
2459,13
2460,9
2461,5
2462,0
2463,8
2464,12
2465,18
2466,8
2467,34
2468,8
2469,13
2470,13
2471,15
2472,0
2473,11
2474,5
2475,15
2476,16
2477,11
2478,15
2479,4
2480,16
2481,14
2482,11
2483,10
2484,21
2485,7
2486,18
2487,18
2488,21
2489,14
2490,12
2491,18
2492,3
2493,13
2494,13
2495,19
2496,8
2497,11
2498,12
2499,11
2500,7
2501,13
2502,15
2503,6
2504,13
2505,39
2506,13
2507,3
2508,13
2509,9
2510,0
2511,14
2512,5
2513,6
2514,9
2515,19
2516,13
2517,6
2518,30
2519,8
2520,14
2521,10
2522,12
2523,13
2524,7
2525,19
2526,23
2527,14
2528,14
2529,13
2530,2
2531,9
2532,12
2533,10
2534,5
2535,12
2536,17
2537,13
2538,14
2539,13
2540,13
2541,13
2542,7
2543,10
2544,8
2545,4
2546,12
2547,10
2548,18
2549,24
2550,4
2551,11
2552,13
2553,4
2554,9
2555,2
2556,4
2557,27
2558,5
2559,6
2560,10
2561,10
2562,19
2563,4
2564,14
2565,10
2566,1
2567,8
2568,15
2569,12
2570,7
2571,2
2572,11
2573,11
2574,3
2575,8
2576,13
2577,5
2578,9
2579,12
2580,21
2581,11
2582,13
2583,11
2584,13
2585,9
2586,15
2587,7
2588,7
2589,0
2590,11
2591,11
2592,11
2593,5
2594,10
2595,6
2596,15
2597,14
2598,21
2599,9
2600,18
2601,18
2602,9
2603,2
2604,12
2605,4
2606,8
2607,13
2608,10
2609,0
2610,11
2611,10
2612,6
2613,7
2614,9
2615,18
2616,11
2617,10
2618,13
2619,9
2620,12
2621,9
2622,22
2623,4
2624,8
2625,1
2626,9
2627,8
2628,18
2629,8
2630,9
2631,14
2632,21
2633,14
2634,15
2635,4
2636,28
2637,5
2638,15
2639,12
2640,1
2641,12
2642,17
2643,7
2644,7
2645,12
2646,19
2647,8
2648,7
2649,15
2650,1
2651,7
2652,6
2653,14
2654,0
2655,11
2656,8
2657,3
2658,11
2659,15
2660,14
2661,6
2662,10
2663,5
2664,1
2665,17
2666,6
2667,14
2668,1
2669,5
2670,9
2671,13
2672,19
2673,8
2674,1
2675,8
2676,17
2677,13
2678,9
2679,8
2680,15
2681,11
2682,13
2683,15
2684,11
2685,28
2686,12
2687,11
2688,8
2689,16
2690,11
2691,5
2692,7
2693,9
2694,9
2695,22
2696,4
2697,13
2698,16
2699,1
2700,15
2701,18
2702,11
2703,11
2704,11
2705,23
2706,22
2707,20
2708,11
2709,8
2710,6
2711,1
2712,4
2713,9
2714,8
2715,6
2716,12
2717,5
2718,10
2719,2
2720,11
2721,7
2722,15
2723,10
2724,5
2725,8
2726,10
2727,17
2728,12
2729,15
2730,10
2731,16
2732,11
2733,8
2734,14
2735,21
2736,9
2737,11
2738,14
2739,8
2740,4
2741,25
2742,22
2743,11
2744,11
2745,16
2746,4
2747,5
2748,15
2749,9
2750,8
2751,12
2752,19
2753,7
2754,14
2755,15
2756,15
2757,8
2758,20
2759,14
2760,5
2761,5
2762,11
2763,11
2764,5
2765,11
2766,9
2767,8
2768,11
2769,12
2770,9
2771,11
2772,7
2773,19
2774,7
2775,26
2776,13
2777,9
2778,10
2779,7
2780,9
2781,14
2782,44
2783,9
2784,2
2785,13
2786,10
2787,15
2788,7
2789,12
2790,7
2791,12
2792,22
2793,7
2794,6
2795,11
2796,8
2797,8
2798,5
2799,11
2800,11
2801,26
2802,11
2803,14
2804,8
2805,16
2806,11
2807,17
2808,7
2809,12
2810,22
2811,20
2812,4
2813,16
2814,17
2815,1
2816,6
2817,9
2818,12
2819,21
2820,3
2821,25
2822,8
2823,14
2824,4
2825,22
2826,10
2827,9
2828,18
2829,28
2830,13
2831,4
2832,12
2833,3
2834,37
2835,12
2836,17
2837,10
2838,23
2839,3
2840,3
2841,28
2842,13
2843,2
2844,12
2845,0
2846,20
2847,12
2848,9
2849,8
2850,12
2851,7
2852,14
2853,16
2854,11
2855,11
2856,21
2857,4
2858,3
2859,34
2860,18
2861,14
2862,8
2863,13
2864,9
2865,13
2866,25
2867,17
2868,10
2869,6
2870,13
2871,13
2872,9
2873,12
2874,17
2875,6
2876,5
2877,16
2878,5
2879,15
2880,9
2881,8
2882,10
2883,9
2884,25
2885,12
2886,2
2887,21
2888,15
2889,20
2890,11
2891,14
2892,16
2893,10
2894,0
2895,19
2896,16
2897,18
2898,6
2899,2
2900,17
2901,1
2902,12
2903,8
2904,2
2905,14
2906,8
2907,7
2908,15
2909,10
2910,17
2911,4
2912,2
2913,18
2914,22
2915,17
2916,8
2917,15
2918,15
2919,11
2920,19
2921,32
2922,9
2923,1
2924,24
2925,14
2926,25
2927,19
2928,5
2929,13
2930,1
2931,5
2932,13
2933,9
2934,9
2935,10
2936,12
2937,9
2938,29
2939,9
2940,14
2941,16
2942,8
2943,10
2944,17
2945,8
2946,3
2947,6
2948,12
2949,9
2950,13
2951,7
2952,18
2953,15
2954,7
2955,0
2956,5
2957,14
2958,16
2959,14
2960,11
2961,16
2962,14
2963,10
2964,8
2965,10
2966,8
2967,7
2968,1
2969,9
2970,1
2971,9
2972,14
2973,11
2974,15
2975,17
2976,10
2977,4
2978,4
2979,13
2980,18
2981,13
2982,4
2983,3
2984,13
2985,13
2986,17
2987,12
2988,7
2989,27
2990,7
2991,2
2992,13
2993,10
2994,14
2995,24
2996,44
2997,7
2998,14
2999,22
3000,10
3001,5
3002,19
3003,33
3004,9
3005,14
3006,9
3007,15
3008,18
3009,20
3010,48
3011,10
3012,8
3013,9
3014,20
3015,9
3016,12
3017,32
3018,7
3019,8
3020,9
3021,20
3022,17
3023,7
3024,13
3025,5
3026,14
3027,7
3028,12
3029,7
3030,7
3031,4
3032,11
3033,9
3034,9
3035,3
3036,17
3037,19
3038,5
3039,11
3040,14
3041,9
3042,5
3043,13
3044,13
3045,12
3046,22
3047,7
3048,12
3049,15
3050,1
3051,18
3052,5
3053,8
3054,14
3055,2
3056,11
3057,12
3058,9
3059,11
3060,19
3061,1
3062,11
3063,3
3064,11
3065,4
3066,43
3067,0
3068,10
3069,4
3070,11
3071,9
3072,13
3073,21
3074,13
3075,8
3076,22
3077,5
3078,12
3079,42
3080,9
3081,19
3082,10
3083,32
3084,14
3085,1
3086,13
3087,5
3088,14
3089,13
3090,20
3091,4
3092,15
3093,28
3094,8
3095,7
3096,17
3097,10
3098,5
3099,9
3100,21
3101,13
3102,2
3103,16
3104,37
3105,13
3106,9
3107,5
3108,20
3109,10
3110,10
3111,15
3112,5
3113,5
3114,15
3115,7
3116,7
3117,14
3118,14
3119,10
3120,15
3121,2
3122,3
3123,19
3124,7
3125,12
3126,23
3127,9
3128,7
3129,10
3130,5
3131,0
3132,9
3133,1
3134,17
3135,20
3136,15
3137,14
3138,11
3139,8
3140,6
3141,19
3142,33
3143,11
3144,8
3145,17
3146,12
3147,12
3148,7
3149,14
3150,12
3151,20
3152,6
3153,21
3154,15
3155,7
3156,0
3157,6
3158,54
3159,8
3160,10
3161,8
3162,9
3163,16
3164,2
3165,25
3166,8
3167,4
3168,5
3169,7
3170,14
3171,3
3172,12
3173,9
3174,9
3175,3
3176,17
3177,8
3178,4
3179,60
3180,5
3181,7
3182,14
3183,23
3184,3
3185,4
3186,20
3187,10
3188,15
3189,13
3190,9
3191,23
3192,15
3193,17
3194,5
3195,10
3196,9
3197,5
3198,10
3199,13
3200,13
3201,6
3202,7
3203,15
3204,22
3205,5
3206,6
3207,19
3208,18
3209,13
3210,13
3211,24
3212,9
3213,8
3214,9
3215,12
3216,12
3217,11
3218,1
3219,13
3220,8
3221,0
3222,9
3223,23
3224,3
3225,22
3226,9
3227,9
3228,17
3229,7
3230,21
3231,9
3232,18
3233,6
3234,17
3235,12
3236,8
3237,9
3238,20
3239,10
3240,31
3241,15
3242,13
3243,7
3244,8
3245,14
3246,8
3247,13
3248,0
3249,12
3250,19
3251,10
3252,23
3253,16
3254,10
3255,6
3256,8
3257,8
3258,10
3259,9
3260,7
3261,10
3262,6
3263,11
3264,9
3265,11
3266,5
3267,10
3268,3
3269,12
3270,7
3271,17
3272,14
3273,5
3274,8
3275,6
3276,19
3277,6
3278,12
3279,14
3280,9
3281,13
3282,6
3283,20
3284,22
3285,8
3286,20
3287,7
3288,9
3289,9
3290,10
3291,11
3292,1
3293,11
3294,15
3295,11
3296,20
3297,0
3298,7
3299,12
3300,18
3301,10
3302,6
3303,5
3304,11
3305,12
3306,4
3307,14
3308,12
3309,6
3310,11
3311,6
3312,10
3313,2
3314,9
3315,10
3316,12
3317,20
3318,13
3319,26
3320,25
3321,4
3322,7
3323,9
3324,9
3325,20
3326,0
3327,8
3328,19
3329,13
3330,14
3331,5
3332,11
3333,12
3334,27
3335,17
3336,22
3337,11
3338,9
3339,13
3340,12
3341,5
3342,9
3343,13
3344,30
3345,26
3346,10
3347,11
3348,11
3349,14
3350,4
3351,19
3352,22
3353,14
3354,14
3355,22
3356,15
3357,12
3358,20
3359,10
3360,10
3361,17
3362,13
3363,15
3364,5
3365,3
3366,5
3367,16
3368,11
3369,10
3370,12
3371,23
3372,14
3373,11
3374,9
3375,14
3376,3
3377,7
3378,13
3379,9
3380,6
3381,11
3382,18
3383,20
3384,11
3385,19
3386,0
3387,12
3388,12
3389,8
3390,14
3391,23
3392,0
3393,8
3394,6
3395,17
3396,18
3397,4
3398,5
3399,3
3400,5
3401,9
3402,14
3403,11
3404,4
3405,1
3406,7
3407,6
3408,13
3409,28
3410,12
3411,22
3412,8
3413,13
3414,5
3415,13
3416,13
3417,14
3418,17
3419,12
3420,6
3421,8
3422,9
3423,14
3424,7
3425,1
3426,12
3427,9
3428,0
3429,10
3430,15
3431,15
3432,3
3433,42
3434,9
3435,12
3436,1
3437,12
3438,4
3439,10
3440,1
3441,20
3442,10
3443,13
3444,7
3445,11
3446,0
3447,13
3448,9
3449,12
3450,1
3451,8
3452,5
3453,1
3454,12
3455,6
3456,11
3457,9
3458,10
3459,13
3460,11
3461,32
3462,18
3463,13
3464,8
3465,11
3466,8
3467,21
3468,25
3469,8
3470,12
3471,14
3472,10
3473,12
3474,0
3475,20
3476,11
3477,26
3478,15
3479,21
3480,14
3481,8
3482,5
3483,3
3484,4
3485,6
3486,8
3487,6
3488,14
3489,9
3490,17
3491,12
3492,16
3493,43
3494,5
3495,11
3496,10
3497,16
3498,13
3499,8
3500,7
3501,13
3502,8
3503,18
3504,8
3505,14
3506,6
3507,4
3508,7
3509,11
3510,4
3511,5
3512,12
3513,15
3514,5
3515,14
3516,13
3517,7
3518,25
3519,11
3520,20
3521,12
3522,18
3523,12
3524,14
3525,10
3526,26
3527,3
3528,10
3529,3
3530,10
3531,13
3532,10
3533,12
3534,13
3535,13
3536,5
3537,9
3538,6
3539,6
3540,23
3541,12
3542,10
3543,9
3544,7
3545,2
3546,18
3547,9
3548,14
3549,12
3550,5
3551,9
3552,11
3553,16
3554,17
3555,35
3556,10
3557,14
3558,13
3559,10
3560,18
3561,5
3562,16
3563,5
3564,17
3565,19
3566,16
3567,13
3568,12
3569,15
3570,7
3571,18
3572,10
3573,11
3574,8
3575,1
3576,15
3577,44
3578,14
3579,18
3580,15
3581,26
3582,17
3583,24
3584,11
3585,5
3586,12
3587,17
3588,5
3589,5
3590,9
3591,2
3592,14
3593,12
3594,4
3595,3
3596,16
3597,39
3598,13
3599,11
3600,20
3601,23
3602,9
3603,9
3604,0
3605,17
3606,12
3607,23
3608,12
3609,9
3610,15
3611,8
3612,8
3613,10
3614,6
3615,26
3616,10
3617,7
3618,5
3619,7
3620,4
3621,7
3622,13
3623,9
3624,17
3625,12
3626,12
3627,11
3628,12
3629,9
3630,7
3631,14
3632,7
3633,2
3634,11
3635,8
3636,18
3637,8
3638,9
3639,4
3640,10
3641,6
3642,11
3643,10
3644,11
3645,18
3646,9
3647,12
3648,13
3649,10
3650,12
3651,12
3652,13
3653,19
3654,22
3655,9
3656,14
3657,0
3658,3
3659,6
3660,11
3661,12
3662,8
3663,9
3664,26
3665,10
3666,7
3667,14
3668,14
3669,14
3670,11
3671,19
3672,19
3673,5
3674,21
3675,12
3676,10
3677,13
3678,9
3679,16
3680,17
3681,9
3682,8
3683,4
3684,10
3685,18
3686,3
3687,14
3688,11
3689,5
3690,3
3691,11
3692,12
3693,9
3694,9
3695,18
3696,26
3697,5
3698,7
3699,11
3700,13
3701,12
3702,20
3703,2
3704,11
3705,25
3706,19
3707,15
3708,14
3709,12
3710,6
3711,11
3712,12
3713,10
3714,12
3715,11
3716,2
3717,10
3718,18
3719,22
3720,13
3721,11
3722,7
3723,23
3724,15
3725,4
3726,1
3727,0
3728,7
3729,15
3730,11
3731,12
3732,13
3733,5
3734,15
3735,12
3736,47
3737,12
3738,10
3739,4
3740,9
3741,19
3742,38
3743,8
3744,14
3745,0
3746,25
3747,5
3748,10
3749,9
3750,11
3751,10
3752,7
3753,10
3754,6
3755,6
3756,14
3757,18
3758,11
3759,15
3760,5
3761,8
3762,18
3763,14
3764,10
3765,6
3766,10
3767,17
3768,2
3769,12
3770,10
3771,9
3772,18
3773,6
3774,13
3775,3
3776,20
3777,21
3778,20
3779,15
3780,9
3781,15
3782,21
3783,10
3784,14
3785,9
3786,17
3787,9
3788,2
3789,10
3790,4
3791,10
3792,8
3793,14
3794,1
3795,15
3796,13
3797,9
3798,11
3799,10
3800,4
3801,23
3802,11
3803,10
3804,34
3805,12
3806,3
3807,13
3808,9
3809,2
3810,18
3811,11
3812,14
3813,11
3814,12
3815,17
3816,7
3817,12
3818,13
3819,16
3820,33
3821,18
3822,10
3823,11
3824,11
3825,6
3826,11
3827,18
3828,9
3829,35
3830,17
3831,14
3832,8
3833,7
3834,10
3835,19
3836,12
3837,5
3838,6
3839,7
3840,6
3841,16
3842,7
3843,20
3844,9
3845,7
3846,3
3847,9
3848,15
3849,8
3850,5
3851,17
3852,9
3853,10
3854,10
3855,13
3856,13
3857,7
3858,7
3859,8
3860,7
3861,18
3862,11
3863,9
3864,5
3865,12
3866,3
3867,13
3868,13
3869,13
3870,21
3871,6
3872,29
3873,6
3874,6
3875,10
3876,29
3877,23
3878,11
3879,23
3880,11
3881,15
3882,11
3883,3
3884,6
3885,11
3886,21
3887,14
3888,14
3889,7
3890,31
3891,7
3892,48
3893,17
3894,11
3895,16
3896,16
3897,23
3898,14
3899,4
3900,14
3901,16
3902,14
3903,14
3904,26
3905,13
3906,12
3907,2
3908,6
3909,4
3910,14
3911,10
3912,14
3913,10
3914,12
3915,13
3916,11
3917,12
3918,19
3919,11
3920,11
3921,11
3922,7
3923,14
3924,10
3925,6
3926,10
3927,10
3928,3
3929,10
3930,14
3931,14
3932,19
3933,13
3934,22
3935,8
3936,7
3937,1
3938,34
3939,17
3940,11
3941,17
3942,7
3943,14
3944,4
3945,13
3946,7
3947,6
3948,13
3949,12
3950,13
3951,9
3952,7
3953,2
3954,7
3955,29
3956,7
3957,13
3958,12
3959,5
3960,21
3961,7
3962,12
3963,7
3964,5
3965,11
3966,14
3967,13
3968,10
3969,9
3970,16
3971,9
3972,16
3973,10
3974,11
3975,12
3976,11
3977,10
3978,3
3979,7
3980,8
3981,10
3982,26
3983,6
3984,10
3985,9
3986,7
3987,14
3988,10
3989,17
3990,4
3991,21
3992,15
3993,6
3994,13
3995,12
3996,4
3997,3
3998,8
3999,19
4000,21
4001,15
4002,9
4003,16
4004,10
4005,18
4006,6
4007,8
4008,2
4009,11
4010,3
4011,0
4012,10
4013,10
4014,8
4015,16
4016,28
4017,10
4018,13
4019,12
4020,16
4021,14
4022,1
4023,16
4024,12
4025,11
4026,15
4027,11
4028,12
4029,22
4030,13
4031,17
4032,9
4033,23
4034,2
4035,11
4036,15
4037,8
4038,9
4039,6
4040,10
4041,11
4042,6
4043,1
4044,13
4045,30
4046,4
4047,18
4048,7
4049,4
4050,13
4051,16
4052,10
4053,19
4054,11
4055,21
4056,13
4057,10
4058,12
4059,11
4060,11
4061,10
4062,12
4063,16
4064,4
4065,15
4066,14
4067,6
4068,19
4069,22
4070,9
4071,15
4072,10
4073,12
4074,9
4075,5
4076,14
4077,7
4078,5
4079,13
4080,14
4081,12
4082,12
4083,12
4084,2
4085,16
4086,7
4087,2
4088,19
4089,22
4090,14
4091,18
4092,22
4093,16
4094,0
4095,8
4096,10
4097,7
4098,1
4099,19
4100,11
4101,10
4102,22
4103,20
4104,14
4105,14
4106,11
4107,25
4108,6
4109,15
4110,28
4111,36
4112,10
4113,3
4114,25
4115,10
4116,14
4117,20
4118,10
4119,21
4120,12
4121,13
4122,8
4123,9
4124,18
4125,7
4126,13
4127,8
4128,18
4129,9
4130,14
4131,20
4132,5
4133,31
4134,34
4135,14
4136,3
4137,12
4138,13
4139,7
4140,7
4141,17
4142,12
4143,6
4144,18
4145,8
4146,12
4147,20
4148,5
4149,19
4150,11
4151,9
4152,9
4153,7
4154,12
4155,12
4156,14
4157,10
4158,13
4159,7
4160,12
4161,29
4162,18
4163,7
4164,10
4165,6
4166,9
4167,7
4168,31
4169,13
4170,9
4171,5
4172,24
4173,10
4174,4
4175,3
4176,9
4177,6
4178,9
4179,2
4180,23
4181,11
4182,10
4183,1
4184,9
4185,1
4186,1
4187,8
4188,11
4189,19
4190,18
4191,9
4192,33
4193,12
4194,1
4195,16
4196,1
4197,3
4198,14
4199,6
4200,23
4201,11
4202,5
4203,9
4204,11
4205,12
4206,16
4207,16
4208,16
4209,7
4210,4
4211,16
4212,22
4213,14
4214,15
4215,12
4216,9
4217,14
4218,5
4219,14
4220,14
4221,10
4222,7
4223,14
4224,9
4225,4
4226,1
4227,25
4228,13
4229,7
4230,12
4231,11
4232,9
4233,13
4234,8
4235,7
4236,13
4237,1
4238,21
4239,3
4240,15
4241,2
4242,3
4243,10
4244,12
4245,19
4246,7
4247,11
4248,12
4249,6
4250,7
4251,13
4252,12
4253,0
4254,8
4255,12
4256,11
4257,5
4258,7
4259,14
4260,13
4261,7
4262,8
4263,17
4264,33
4265,10
4266,12
4267,11
4268,16
4269,7
4270,11
4271,5
4272,14
4273,9
4274,27
4275,11
4276,9
4277,7
4278,12
4279,18
4280,9
4281,29
4282,15
4283,8
4284,8
4285,23
4286,9
4287,14
4288,8
4289,1
4290,18
4291,7
4292,15
4293,11
4294,15
4295,13
4296,6
4297,17
4298,15
4299,8
4300,12
4301,55
4302,5
4303,9
4304,13
4305,12
4306,3
4307,17
4308,13
4309,10
4310,12
4311,11
4312,12
4313,5
4314,7
4315,6
4316,10
4317,12
4318,2
4319,8
4320,13
4321,17
4322,13
4323,11
4324,12
4325,9
4326,14
4327,11
4328,17
4329,17
4330,8
4331,11
4332,21
4333,18
4334,11
4335,15
4336,4
4337,13
4338,10
4339,15
4340,13
4341,17
4342,10
4343,9
4344,6
4345,8
4346,7
4347,10
4348,27
4349,5
4350,2
4351,9
4352,19
4353,13
4354,5
4355,12
4356,13
4357,8
4358,18
4359,15
4360,7
4361,6
4362,2
4363,15
4364,11
4365,6
4366,0
4367,0
4368,24
4369,8
4370,13
4371,13
4372,20
4373,2
4374,1
4375,56
4376,20
4377,9
4378,6
4379,36
4380,15
4381,13
4382,8
4383,9
4384,14
4385,10
4386,9
4387,7
4388,3
4389,15
4390,11
4391,10
4392,9
4393,18
4394,12
4395,2
4396,10
4397,11
4398,12
4399,18
4400,1
4401,13
4402,9
4403,8
4404,14
4405,8
4406,11
4407,0
4408,11
4409,6
4410,10
4411,14
4412,11
4413,21
4414,10
4415,15
4416,11
4417,21
4418,12
4419,9
4420,15
4421,11
4422,29
4423,20
4424,13
4425,7
4426,7
4427,12
4428,6
4429,7
4430,18
4431,23
4432,36
4433,11
4434,9
4435,13
4436,7
4437,13
4438,10
4439,13
4440,7
4441,13
4442,10
4443,5
4444,10
4445,7
4446,0
4447,23
4448,11
4449,7
4450,8
4451,9
4452,6
4453,12
4454,9
4455,8
4456,17
4457,25
4458,13
4459,11
4460,12
4461,14
4462,19
4463,9
4464,11
4465,3
4466,13
4467,12
4468,45
4469,10
4470,1
4471,9
4472,25
4473,22
4474,14
4475,26
4476,10
4477,7
4478,12
4479,30
4480,11
4481,16
4482,10
4483,18
4484,18
4485,18
4486,9
4487,6
4488,8
4489,12
4490,8
4491,11
4492,10
4493,41
4494,9
4495,11
4496,10
4497,23
4498,6
4499,14
4500,12
4501,7
4502,10
4503,12
4504,20
4505,10
4506,7
4507,9
4508,12
4509,10
4510,3
4511,28
4512,2
4513,6
4514,3
4515,9
4516,4
4517,21
4518,8
4519,15
4520,3
4521,15
4522,11
4523,10
4524,8
4525,22
4526,13
4527,7
4528,14
4529,19
4530,16
4531,4
4532,28
4533,21
4534,16
4535,7
4536,6
4537,8
4538,12
4539,7
4540,15
4541,13
4542,8
4543,14
4544,10
4545,7
4546,4
4547,16
4548,6
4549,10
4550,9
4551,9
4552,10
4553,10
4554,3
4555,9
4556,13
4557,0
4558,15
4559,10
4560,8
4561,18
4562,6
4563,10
4564,14
4565,11
4566,26
4567,10
4568,16
4569,33
4570,26
4571,15
4572,17
4573,14
4574,17
4575,12
4576,3
4577,6
4578,11
4579,13
4580,11
4581,7
4582,9
4583,17
4584,22
4585,5
4586,16
4587,9
4588,14
4589,9
4590,15
4591,17
4592,8
4593,9
4594,13
4595,8
4596,3
4597,15
4598,15
4599,9
4600,21
4601,14
4602,14
4603,4
4604,15
4605,0
4606,36
4607,9
4608,17
4609,6
4610,11
4611,9
4612,7
4613,17
4614,20
4615,12
4616,9
4617,10
4618,2
4619,18
4620,24
4621,10
4622,20
4623,20
4624,11
4625,6
4626,28
4627,12
4628,10
4629,22
4630,8
4631,15
4632,37
4633,20
4634,14
4635,13
4636,18
4637,12
4638,22
4639,6
4640,11
4641,21
4642,11
4643,28
4644,11
4645,19
4646,2
4647,4
4648,12
4649,8
4650,6
4651,11
4652,2
4653,10
4654,23
4655,2
4656,21
4657,9
4658,1
4659,20
4660,7
4661,14
4662,11
4663,12
4664,15
4665,12
4666,16
4667,13
4668,10
4669,6
4670,18
4671,9
4672,7
4673,4
4674,14
4675,14
4676,16
4677,10
4678,15
4679,11
4680,15
4681,2
4682,17
4683,6
4684,16
4685,0
4686,3
4687,6
4688,3
4689,13
4690,15
4691,34
4692,14
4693,13
4694,4
4695,10
4696,36
4697,17
4698,13
4699,24
4700,12
4701,17
4702,13
4703,8
4704,13
4705,6
4706,11
4707,13
4708,10
4709,9
4710,10
4711,6
4712,20
4713,8
4714,12
4715,3
4716,2
4717,8
4718,16
4719,16
4720,16
4721,11
4722,12
4723,8
4724,33
4725,10
4726,11
4727,12
4728,6
4729,21
4730,14
4731,15
4732,8
4733,5
4734,14
4735,14
4736,33
4737,17
4738,16
4739,13
4740,11
4741,14
4742,12
4743,13
4744,9
4745,8
4746,11
4747,11
4748,5
4749,12
4750,15
4751,12
4752,10
4753,7
4754,9
4755,16
4756,5
4757,27
4758,16
4759,18
4760,6
4761,25
4762,17
4763,9
4764,8
4765,13
4766,16
4767,7
4768,5
4769,19
4770,9
4771,16
4772,8
4773,9
4774,15
4775,16
4776,20
4777,26
4778,17
4779,9
4780,17
4781,23
4782,21
4783,14
4784,10
4785,11
4786,14
4787,21
4788,5
4789,14
4790,20
4791,21
4792,11
4793,11
4794,23
4795,10
4796,11
4797,8
4798,17
4799,9
4800,28
4801,4
4802,6
4803,29
4804,3
4805,0
4806,4
4807,0
4808,19
4809,12
4810,10
4811,24
4812,7
4813,18
4814,18
4815,9
4816,7
4817,17
4818,14
4819,11
4820,12
4821,9
4822,0
4823,3
4824,10
4825,8
4826,14
4827,18
4828,23
4829,23
4830,11
4831,14
4832,9
4833,14
4834,10
4835,4
4836,9
4837,14
4838,8
4839,18
4840,13
4841,11
4842,12
4843,3
4844,11
4845,11
4846,12
4847,9
4848,35
4849,9
4850,13
4851,10
4852,0
4853,9
4854,18
4855,8
4856,10
4857,11
4858,22
4859,9
4860,10
4861,9
4862,11
4863,13
4864,7
4865,46
4866,1
4867,1
4868,39
4869,16
4870,23
4871,18
4872,4
4873,8
4874,2
4875,1
4876,6
4877,10
4878,15
4879,13
4880,3
4881,4
4882,20
4883,6
4884,8
4885,22
4886,15
4887,8
4888,0
4889,21
4890,7
4891,8
4892,12
4893,11
4894,7
4895,12
4896,7
4897,7
4898,15
4899,10
4900,9
4901,4
4902,11
4903,7
4904,17
4905,14
4906,2
4907,15
4908,16
4909,10
4910,13
4911,8
4912,10
4913,14
4914,8
4915,9
4916,10
4917,7
4918,11
4919,1
4920,11
4921,7
4922,6
4923,14
4924,7
4925,16
4926,29
4927,6
4928,9
4929,11
4930,0
4931,10
4932,11
4933,19
4934,13
4935,15
4936,13
4937,12
4938,16
4939,11
4940,7
4941,33
4942,8
4943,18
4944,8
4945,25
4946,0
4947,22
4948,14
4949,15
4950,43
4951,14
4952,14
4953,11
4954,12
4955,15
4956,14
4957,14
4958,13
4959,8
4960,31
4961,12
4962,5
4963,9
4964,12
4965,9
4966,15
4967,4
4968,13
4969,4
4970,16
4971,9
4972,12
4973,16
4974,14
4975,8
4976,8
4977,11
4978,23
4979,14
4980,11
4981,10
4982,12
4983,13
4984,11
4985,3
4986,15
4987,12
4988,8
4989,7
4990,25
4991,20
4992,27
4993,8
4994,6
4995,23
4996,9
4997,14
4998,9
4999,11
